test.fold,fold.type,out.name,loss,val_loss,epoch
1,Lon,Multi-task,0.0351045019924641,0.0182993989437819,1
1,Lon,Multi-task,0.0142270382493734,0.0116066252812743,2
1,Lon,Multi-task,0.0123151177540421,0.01106973644346,3
1,Lon,Multi-task,0.0114958733320236,0.0105817448347807,4
1,Lon,Multi-task,0.0110122347250581,0.0104778604581952,5
1,Lon,Multi-task,0.0106642805039883,0.010444400832057,6
1,Lon,Multi-task,0.0104729700833559,0.0102345328778028,7
1,Lon,Multi-task,0.0102315759286284,0.010294490493834,8
1,Lon,Multi-task,0.0100864488631487,0.0101837245747447,9
1,Lon,Multi-task,0.00997404661029577,0.0101573104038835,10
1,Lon,Multi-task,0.00993642769753933,0.0100641325116158,11
1,Lon,Multi-task,0.00983062665909529,0.0100870467722416,12
1,Lon,Multi-task,0.00975524168461561,0.0100689632818103,13
1,Lon,Multi-task,0.00970832165330648,0.00995290838181973,14
1,Lon,Multi-task,0.00965416245162487,0.00997540261596441,15
1,Lon,Multi-task,0.00963400490581989,0.00983964279294014,16
1,Lon,Multi-task,0.00955688860267401,0.0098522026091814,17
1,Lon,Multi-task,0.00953623652458191,0.00987623259425163,18
1,Lon,Multi-task,0.00950775481760502,0.00988391414284706,19
1,Lon,Multi-task,0.00948711484670639,0.00974808260798454,20
1,Lon,Multi-task,0.00943223759531975,0.0097024068236351,21
1,Lon,Multi-task,0.00940724089741707,0.00986961927264929,22
1,Lon,Multi-task,0.00938026327639818,0.00967533327639103,23
1,Lon,Multi-task,0.00937116984277964,0.00977615267038345,24
1,Lon,Multi-task,0.00932175852358341,0.00966505706310272,25
1,Lon,Multi-task,0.00932138785719872,0.00963828153908253,26
1,Lon,Multi-task,0.00928806979209185,0.00963902659714222,27
1,Lon,Multi-task,0.00929362885653973,0.00959306117147207,28
1,Lon,Multi-task,0.00924696307629347,0.00963742192834616,29
1,Lon,Multi-task,0.00922857411205769,0.00961295794695616,30
1,Lon,Multi-task,0.00920632854104042,0.00961408484727144,31
1,Lon,Multi-task,0.00917552784085274,0.00950541533529758,32
1,Lon,Multi-task,0.00917638558894396,0.00961577240377665,33
1,Lon,Multi-task,0.00917655974626541,0.00947263464331627,34
1,Lon,Multi-task,0.00917373690754175,0.00962180458009243,35
1,Lon,Multi-task,0.00913394056260586,0.00950297433882952,36
1,Lon,Multi-task,0.00911640748381615,0.00947404373437166,37
1,Lon,Multi-task,0.0091119073331356,0.00950471591204405,38
1,Lon,Multi-task,0.00911769829690456,0.00952577125281096,39
1,Lon,Multi-task,0.00907349959015846,0.00945087801665068,40
1,Lon,Multi-task,0.009086306206882,0.00948271621018648,41
1,Lon,Multi-task,0.00906187482178211,0.00941882748156786,42
1,Lon,Multi-task,0.0090537965297699,0.00944753363728523,43
1,Lon,Multi-task,0.00901854503899813,0.00947148725390434,44
1,Lon,Multi-task,0.00903253722935915,0.00939072854816914,45
1,Lon,Multi-task,0.00903328135609627,0.00932698789983988,46
1,Lon,Multi-task,0.00899230968207121,0.00938648451119661,47
1,Lon,Multi-task,0.00901428982615471,0.00938935950398445,48
1,Lon,Multi-task,0.00900456588715315,0.00944068189710379,49
1,Lon,Multi-task,0.00898564420640469,0.00938571058213711,50
1,Lon,Multi-task,0.00896430481225252,0.00942547991871834,51
1,Lon,Multi-task,0.00901189539581537,0.00939346849918365,52
1,Lon,Multi-task,0.00896611344069243,0.00937212258577347,53
1,Lon,Multi-task,0.0089615797623992,0.00934742949903011,54
1,Lon,Multi-task,0.00892460253089666,0.00939772557467222,55
1,Lon,Multi-task,0.00890590995550156,0.00935893133282661,56
1,Lon,Multi-task,0.00891644135117531,0.00933220982551575,57
1,Lon,Multi-task,0.00888437684625387,0.00938215292990208,58
1,Lon,Multi-task,0.00888601411134005,0.0093537587672472,59
1,Lon,Multi-task,0.00887141097337008,0.00932242255657911,60
1,Lon,Multi-task,0.00890092365443707,0.00935722608119249,61
1,Lon,Multi-task,0.00891034584492445,0.00930006522685289,62
1,Lon,Multi-task,0.00887237023562193,0.0093223312869668,63
1,Lon,Multi-task,0.00883750431239605,0.00938404072076082,64
1,Lon,Multi-task,0.00888968259096146,0.00933903641998768,65
1,Lon,Multi-task,0.00883102975785732,0.00930449273437262,66
1,Lon,Multi-task,0.00885461177676916,0.00932867359369993,67
1,Lon,Multi-task,0.00885751470923424,0.00935658626258373,68
1,Lon,Multi-task,0.00883925054222345,0.00938045047223568,69
1,Lon,Multi-task,0.00883970875293016,0.00934205763041973,70
1,Lon,Multi-task,0.00880900397896767,0.00927446875721216,71
1,Lon,Multi-task,0.0087988618761301,0.00930528156459332,72
1,Lon,Multi-task,0.00882288813591003,0.0093135628849268,73
1,Lon,Multi-task,0.00882274005562067,0.0093604689463973,74
1,Lon,Multi-task,0.00878369249403477,0.00926829501986504,75
1,Lon,Multi-task,0.00881578959524632,0.00926134269684553,76
1,Lon,Multi-task,0.00878127198666334,0.00921393185853958,77
1,Lon,Multi-task,0.00881167873740196,0.00925461575388908,78
1,Lon,Multi-task,0.00875952560454607,0.00929261930286884,79
1,Lon,Multi-task,0.00878339447081089,0.0092637911438942,80
1,Lon,Multi-task,0.00878956168889999,0.00933036394417286,81
1,Lon,Multi-task,0.00879235751926899,0.00923651829361916,82
1,Lon,Multi-task,0.00876825395971537,0.00926564447581768,83
1,Lon,Multi-task,0.00876257941126823,0.00927743781358004,84
1,Lon,Multi-task,0.00872636213898659,0.00928509701043367,85
1,Lon,Multi-task,0.00871319510042667,0.00930421985685825,86
1,Lon,Multi-task,0.00874091498553753,0.00922375172376633,87
1,Lon,Multi-task,0.00872910581529141,0.00932319555431604,88
1,Lon,Multi-task,0.0087248869240284,0.00927194859832525,89
1,Lon,Multi-task,0.00872716493904591,0.00922956597059965,90
1,Lon,Multi-task,0.00871026981621981,0.00924065709114075,91
1,Lon,Multi-task,0.00874106120318174,0.00926118809729815,92
1,Lon,Multi-task,0.00866389088332653,0.00925133749842644,93
1,Lon,Multi-task,0.00870026182383299,0.00927965342998505,94
1,Lon,Multi-task,0.00867204368114471,0.00924440566450357,95
1,Lon,Multi-task,0.00871827360242605,0.00922560598701239,96
1,Lon,Multi-task,0.00866784248501062,0.00924784038215876,97
1,Lon,Multi-task,0.0086579080671072,0.00927152391523123,98
1,Lon,Multi-task,0.00868027284741402,0.00925145018845797,99
1,Lon,Multi-task,0.00869617145508528,0.00923946313560009,100
2,Lon,Multi-task,0.0379806309938431,0.0187117531895638,1
2,Lon,Multi-task,0.0145186204463243,0.0119250612333417,2
2,Lon,Multi-task,0.0125747565180063,0.0111569054424763,3
2,Lon,Multi-task,0.0117852315306664,0.0106483092531562,4
2,Lon,Multi-task,0.0112521070986986,0.0104163568466902,5
2,Lon,Multi-task,0.0109147354960442,0.0102408835664392,6
2,Lon,Multi-task,0.0106484442949295,0.0102430758997798,7
2,Lon,Multi-task,0.0104636223986745,0.0101666580885649,8
2,Lon,Multi-task,0.0103015592321754,0.0100507438182831,9
2,Lon,Multi-task,0.0101959193125367,0.0100272847339511,10
2,Lon,Multi-task,0.0100923180580139,0.0100913438946009,11
2,Lon,Multi-task,0.0100396415218711,0.00994791742414236,12
2,Lon,Multi-task,0.00995437614619732,0.0100050866603851,13
2,Lon,Multi-task,0.00990949012339115,0.00980232283473015,14
2,Lon,Multi-task,0.00988722965121269,0.00984091218560934,15
2,Lon,Multi-task,0.00984852854162455,0.00977608188986778,16
2,Lon,Multi-task,0.00980546977370977,0.00975001789629459,17
2,Lon,Multi-task,0.00979196839034557,0.00969889294356108,18
2,Lon,Multi-task,0.00972433481365442,0.00966545660048723,19
2,Lon,Multi-task,0.00966301839798689,0.00961961597204208,20
2,Lon,Multi-task,0.00965730100870132,0.00971221551299095,21
2,Lon,Multi-task,0.00964473653584719,0.0095929391682148,22
2,Lon,Multi-task,0.00963263679295778,0.00960646104067564,23
2,Lon,Multi-task,0.00958621967583895,0.00959688425064087,24
2,Lon,Multi-task,0.00957765616476536,0.00959064345806837,25
2,Lon,Multi-task,0.00955331046134233,0.00949973240494728,26
2,Lon,Multi-task,0.00953490007668734,0.00952778477221727,27
2,Lon,Multi-task,0.00952003616839647,0.00951283611357212,28
2,Lon,Multi-task,0.00947929639369249,0.00947571452707052,29
2,Lon,Multi-task,0.00946988817304373,0.00944861304014921,30
2,Lon,Multi-task,0.00946108903735876,0.00946025177836418,31
2,Lon,Multi-task,0.0094323018565774,0.00938638020306826,32
2,Lon,Multi-task,0.00941227003931999,0.00944962445646524,33
2,Lon,Multi-task,0.00941390916705132,0.00937337055802345,34
2,Lon,Multi-task,0.00936306081712246,0.00937778223305941,35
2,Lon,Multi-task,0.00937452726066113,0.00940456800162792,36
2,Lon,Multi-task,0.00936967600136995,0.00939501449465752,37
2,Lon,Multi-task,0.00934383366256952,0.00939497910439968,38
2,Lon,Multi-task,0.00933335162699223,0.00934482552111149,39
2,Lon,Multi-task,0.00933803245425224,0.00933018513023853,40
2,Lon,Multi-task,0.00932098925113678,0.00935176201164722,41
2,Lon,Multi-task,0.00931085273623466,0.00935476459562778,42
2,Lon,Multi-task,0.00929133780300617,0.0093030147254467,43
2,Lon,Multi-task,0.00924597587436438,0.00935482513159513,44
2,Lon,Multi-task,0.00925762671977282,0.00939553137868643,45
2,Lon,Multi-task,0.00925629865378141,0.00933666527271271,46
2,Lon,Multi-task,0.00925414357334375,0.00928071793168783,47
2,Lon,Multi-task,0.00924533139914274,0.00930753536522388,48
2,Lon,Multi-task,0.00918349716812372,0.00928268115967512,49
2,Lon,Multi-task,0.00922660902142525,0.0093411048874259,50
2,Lon,Multi-task,0.00920829828828573,0.00930465664714575,51
2,Lon,Multi-task,0.00920647941529751,0.0093231862410903,52
2,Lon,Multi-task,0.00922224204987288,0.00933402869850397,53
2,Lon,Multi-task,0.00918362662196159,0.00932473130524158,54
2,Lon,Multi-task,0.00917509105056524,0.00925709865987301,55
2,Lon,Multi-task,0.00917633436620235,0.00923067890107632,56
2,Lon,Multi-task,0.00914651341736317,0.00923405773937702,57
2,Lon,Multi-task,0.00916081760078669,0.00928636454045773,58
2,Lon,Multi-task,0.00912990793585777,0.00926667731255293,59
2,Lon,Multi-task,0.00913461856544018,0.00923173874616623,60
2,Lon,Multi-task,0.00914145354181528,0.00926483888179064,61
2,Lon,Multi-task,0.00913287792354822,0.00921509228646755,62
2,Lon,Multi-task,0.00913144275546074,0.00926495809108019,63
2,Lon,Multi-task,0.00910783652216196,0.00919764209538698,64
2,Lon,Multi-task,0.00910832360386848,0.00922100245952606,65
2,Lon,Multi-task,0.00907074194401503,0.00920544657856226,66
2,Lon,Multi-task,0.00907760951668024,0.00917377322912216,67
2,Lon,Multi-task,0.00910852663218975,0.00921600870788097,68
2,Lon,Multi-task,0.00909320916980505,0.00922148674726486,69
2,Lon,Multi-task,0.00905879959464073,0.00925472192466259,70
2,Lon,Multi-task,0.00908084399998188,0.00924290437251329,71
2,Lon,Multi-task,0.00907896924763918,0.00916770845651627,72
2,Lon,Multi-task,0.00904866121709347,0.00924581103026867,73
2,Lon,Multi-task,0.00901896692812443,0.0092591280117631,74
2,Lon,Multi-task,0.00903277192264795,0.00917701609432697,75
2,Lon,Multi-task,0.00905922614037991,0.00919119641184807,76
2,Lon,Multi-task,0.00904344208538532,0.00918935146182775,77
2,Lon,Multi-task,0.00905225891619921,0.00920801237225533,78
2,Lon,Multi-task,0.00901671219617128,0.00916847493499517,79
2,Lon,Multi-task,0.00900699011981487,0.0091990428045392,80
2,Lon,Multi-task,0.00903950165957212,0.00917204935103655,81
2,Lon,Multi-task,0.00900768581777811,0.00918648112565279,82
2,Lon,Multi-task,0.00900624413043261,0.00915584340691566,83
2,Lon,Multi-task,0.00901248399168253,0.00920932646840811,84
2,Lon,Multi-task,0.00899414159357548,0.00921049155294895,85
2,Lon,Multi-task,0.00900401826947928,0.00920636858791113,86
2,Lon,Multi-task,0.00896538328379393,0.00920481141656637,87
2,Lon,Multi-task,0.00896490551531315,0.00918746367096901,88
2,Lon,Multi-task,0.00898574665188789,0.00915413629263639,89
2,Lon,Multi-task,0.00898462533950806,0.00921279657632113,90
2,Lon,Multi-task,0.00895542372018099,0.00916038453578949,91
2,Lon,Multi-task,0.00895797833800316,0.00918403174728155,92
2,Lon,Multi-task,0.00895647704601288,0.00914828758686781,93
2,Lon,Multi-task,0.00893997121602297,0.00917477440088987,94
2,Lon,Multi-task,0.00894781947135925,0.00917618628591299,95
2,Lon,Multi-task,0.00895431358367205,0.00921751279383898,96
2,Lon,Multi-task,0.00895123276859522,0.00915681570768356,97
2,Lon,Multi-task,0.00892711989581585,0.00914919842034578,98
2,Lon,Multi-task,0.00893737096339464,0.00910721533000469,99
2,Lon,Multi-task,0.00892028398811817,0.00911468639969826,100
3,Lon,Multi-task,0.0396688356995583,0.0175809878855944,1
3,Lon,Multi-task,0.0143961207941175,0.012458972632885,2
3,Lon,Multi-task,0.0124654602259398,0.0115827079862356,3
3,Lon,Multi-task,0.0116499355062842,0.0112344976514578,4
3,Lon,Multi-task,0.0111985774710774,0.0112161077558994,5
3,Lon,Multi-task,0.0108583960682154,0.0109277339652181,6
3,Lon,Multi-task,0.0106209851801395,0.0106977773830295,7
3,Lon,Multi-task,0.0104861240833998,0.0105856591835618,8
3,Lon,Multi-task,0.010283718816936,0.0105363503098488,9
3,Lon,Multi-task,0.0102055901661515,0.0104913963004947,10
3,Lon,Multi-task,0.0101485541090369,0.0105100339278579,11
3,Lon,Multi-task,0.0100497920066118,0.0104151060804725,12
3,Lon,Multi-task,0.00997964572161436,0.0103073325008154,13
3,Lon,Multi-task,0.00994267966598272,0.0102363452315331,14
3,Lon,Multi-task,0.00986996944993734,0.0102599067613482,15
3,Lon,Multi-task,0.00983969029039145,0.0101092159748077,16
3,Lon,Multi-task,0.00980939064174891,0.0101426746696234,17
3,Lon,Multi-task,0.0097546735778451,0.010182592086494,18
3,Lon,Multi-task,0.00971390120685101,0.0100546376779675,19
3,Lon,Multi-task,0.00969419907778502,0.00990869197994471,20
3,Lon,Multi-task,0.00966875627636909,0.00999693851917982,21
3,Lon,Multi-task,0.00963777862489223,0.00984788872301579,22
3,Lon,Multi-task,0.00961256865411997,0.00985698495060205,23
3,Lon,Multi-task,0.00959853176027536,0.00985592696815729,24
3,Lon,Multi-task,0.0095510371029377,0.00986900553107262,25
3,Lon,Multi-task,0.0095233116298914,0.00981570314615965,26
3,Lon,Multi-task,0.00950670056045055,0.00973670370876789,27
3,Lon,Multi-task,0.00947908032685518,0.00976568926125765,28
3,Lon,Multi-task,0.00946556404232979,0.0097157321870327,29
3,Lon,Multi-task,0.00943085271865129,0.00972115434706211,30
3,Lon,Multi-task,0.00941123347729445,0.00965553522109985,31
3,Lon,Multi-task,0.00943469256162643,0.00967050530016422,32
3,Lon,Multi-task,0.00938988290727139,0.0096608055755496,33
3,Lon,Multi-task,0.00939842592924833,0.00965085718780756,34
3,Lon,Multi-task,0.00933184754103422,0.00958761945366859,35
3,Lon,Multi-task,0.00933720078319311,0.00962346512824297,36
3,Lon,Multi-task,0.00931310001760721,0.00958540942519903,37
3,Lon,Multi-task,0.00931866466999054,0.00957041699439287,38
3,Lon,Multi-task,0.00928480550646782,0.00956519041210413,39
3,Lon,Multi-task,0.0092815775424242,0.00945842824876308,40
3,Lon,Multi-task,0.00926606915891171,0.00953142438083887,41
3,Lon,Multi-task,0.00925030279904604,0.00944809895008802,42
3,Lon,Multi-task,0.00927008409053087,0.00943692680448294,43
3,Lon,Multi-task,0.00924390647560358,0.00951038580387831,44
3,Lon,Multi-task,0.00920533016324043,0.00942934583872557,45
3,Lon,Multi-task,0.00921993050724268,0.00946297775954008,46
3,Lon,Multi-task,0.00917615462094545,0.00953596085309982,47
3,Lon,Multi-task,0.00919707864522934,0.00943255610764027,48
3,Lon,Multi-task,0.00914706103503704,0.00949090346693993,49
3,Lon,Multi-task,0.00917036365717649,0.00945405662059784,50
3,Lon,Multi-task,0.00915140006691217,0.00939344521611929,51
3,Lon,Multi-task,0.00915729440748692,0.00945043936371803,52
3,Lon,Multi-task,0.00916726235300303,0.00946638267487288,53
3,Lon,Multi-task,0.00911975558847189,0.00959080271422863,54
3,Lon,Multi-task,0.00912480615079403,0.00941148493438959,55
3,Lon,Multi-task,0.00910674035549164,0.00937878619879484,56
3,Lon,Multi-task,0.00909631140530109,0.00948298070579767,57
3,Lon,Multi-task,0.00909909419715405,0.00947598367929459,58
3,Lon,Multi-task,0.00907264370471239,0.00941714737564325,59
3,Lon,Multi-task,0.00909570977091789,0.00946084409952164,60
3,Lon,Multi-task,0.00906020868569613,0.00945028383284807,61
3,Lon,Multi-task,0.00907583069056273,0.00937588047236204,62
3,Lon,Multi-task,0.00907845981419086,0.00944953504949808,63
3,Lon,Multi-task,0.00906960386782885,0.00944305118173361,64
3,Lon,Multi-task,0.00902277138084173,0.00940364226698875,65
3,Lon,Multi-task,0.00903315655887127,0.00933734327554703,66
3,Lon,Multi-task,0.00901030190289021,0.00946809723973274,67
3,Lon,Multi-task,0.00901796016842127,0.00936513766646385,68
3,Lon,Multi-task,0.00903589278459549,0.00939967017620802,69
3,Lon,Multi-task,0.00898963399231434,0.0095107713714242,70
3,Lon,Multi-task,0.00900786928832531,0.00933890603482723,71
3,Lon,Multi-task,0.00898684933781624,0.0093616247177124,72
3,Lon,Multi-task,0.00898726377636194,0.00939530227333307,73
3,Lon,Multi-task,0.00898154359310865,0.00930868461728096,74
3,Lon,Multi-task,0.00894211046397686,0.00929470453411341,75
3,Lon,Multi-task,0.00896158907562494,0.00940418336540461,76
3,Lon,Multi-task,0.00894194561988115,0.00939508248120546,77
3,Lon,Multi-task,0.00895583163946867,0.00945680402219296,78
3,Lon,Multi-task,0.00895537529140711,0.00936323218047619,79
3,Lon,Multi-task,0.00892453361302614,0.00931733474135399,80
3,Lon,Multi-task,0.00891789887100458,0.00935269240289927,81
3,Lon,Multi-task,0.00891315285116434,0.00937067810446024,82
3,Lon,Multi-task,0.00894061755388975,0.00931305903941393,83
3,Lon,Multi-task,0.00890971720218658,0.00937141384929419,84
3,Lon,Multi-task,0.00890595652163029,0.00929020810872316,85
3,Lon,Multi-task,0.0089363157749176,0.00927261169999838,86
3,Lon,Multi-task,0.0088994549587369,0.00934146717190742,87
3,Lon,Multi-task,0.00889878626912832,0.00924793723970652,88
3,Lon,Multi-task,0.00890262518078089,0.00936442986130714,89
3,Lon,Multi-task,0.00889865215867758,0.00927700567990541,90
3,Lon,Multi-task,0.0088933352380991,0.00932816788554192,91
3,Lon,Multi-task,0.00886072963476181,0.00938144978135824,92
3,Lon,Multi-task,0.00887778215110302,0.009258764795959,93
3,Lon,Multi-task,0.00888386461883783,0.00931046064943075,94
3,Lon,Multi-task,0.00886246003210545,0.00931840855628252,95
3,Lon,Multi-task,0.00885704066604376,0.00925962347537279,96
3,Lon,Multi-task,0.00883754715323448,0.00937999598681927,97
3,Lon,Multi-task,0.00885491911321878,0.00931414030492306,98
3,Lon,Multi-task,0.00883758347481489,0.0092714661732316,99
3,Lon,Multi-task,0.00882941205054522,0.00924582779407501,100
4,Lon,Multi-task,0.0383062399923801,0.0190946441143751,1
4,Lon,Multi-task,0.0146044576540589,0.0119212688878179,2
4,Lon,Multi-task,0.0126563580706716,0.0111710224300623,3
4,Lon,Multi-task,0.0118184452876449,0.0109649877995253,4
4,Lon,Multi-task,0.0113650346174836,0.0108384182676673,5
4,Lon,Multi-task,0.0110170114785433,0.0106292106211185,6
4,Lon,Multi-task,0.0107889119535685,0.0105828493833542,7
4,Lon,Multi-task,0.0105957631021738,0.0105287097394466,8
4,Lon,Multi-task,0.0104647744446993,0.0104642082005739,9
4,Lon,Multi-task,0.0103699006140232,0.0104740932583809,10
4,Lon,Multi-task,0.0102778244763613,0.0103445900604129,11
4,Lon,Multi-task,0.0102035226300359,0.0103825768455863,12
4,Lon,Multi-task,0.0101341353729367,0.0103798434138298,13
4,Lon,Multi-task,0.0100860437378287,0.0102848587557673,14
4,Lon,Multi-task,0.0100183486938477,0.0102551002055407,15
4,Lon,Multi-task,0.00999954622238874,0.0102138873189688,16
4,Lon,Multi-task,0.0099485544487834,0.0101261213421822,17
4,Lon,Multi-task,0.00987746566534042,0.0100926775485277,18
4,Lon,Multi-task,0.00988079607486725,0.0101166795939207,19
4,Lon,Multi-task,0.00983256753534079,0.00999842863529921,20
4,Lon,Multi-task,0.00981781538575888,0.00987935438752174,21
4,Lon,Multi-task,0.00976028386503458,0.00984202511608601,22
4,Lon,Multi-task,0.00971386581659317,0.00991744361817837,23
4,Lon,Multi-task,0.00969173200428486,0.00990259274840355,24
4,Lon,Multi-task,0.00967048946768045,0.00990707334131002,25
4,Lon,Multi-task,0.00962542649358511,0.00984272919595242,26
4,Lon,Multi-task,0.00963267125189304,0.00978200230747461,27
4,Lon,Multi-task,0.00960882287472486,0.00978742260485888,28
4,Lon,Multi-task,0.00959647167474031,0.00975800026208162,29
4,Lon,Multi-task,0.00958168134093285,0.00973905622959137,30
4,Lon,Multi-task,0.00954559445381165,0.00966852623969316,31
4,Lon,Multi-task,0.00949934404343367,0.00971359480172396,32
4,Lon,Multi-task,0.00950853526592255,0.00967131555080414,33
4,Lon,Multi-task,0.00948296952992678,0.00964638497680426,34
4,Lon,Multi-task,0.00947894994169474,0.00968659017235041,35
4,Lon,Multi-task,0.00945930741727352,0.00958790350705385,36
4,Lon,Multi-task,0.0094308452680707,0.00961595773696899,37
4,Lon,Multi-task,0.00942683592438698,0.00955624971538782,38
4,Lon,Multi-task,0.00941160973161459,0.00961586833000183,39
4,Lon,Multi-task,0.0094124861061573,0.00956983678042889,40
4,Lon,Multi-task,0.00938187073916197,0.00955881550908089,41
4,Lon,Multi-task,0.009346729144454,0.00952770560979843,42
4,Lon,Multi-task,0.00938677787780762,0.00956020969897509,43
4,Lon,Multi-task,0.00933231040835381,0.00952722504734993,44
4,Lon,Multi-task,0.00933872163295746,0.00950961653143167,45
4,Lon,Multi-task,0.009350860491395,0.00953055918216705,46
4,Lon,Multi-task,0.0093141095712781,0.00947570987045765,47
4,Lon,Multi-task,0.0093204565346241,0.00958784949034452,48
4,Lon,Multi-task,0.00932527985423803,0.00946119055151939,49
4,Lon,Multi-task,0.00927742198109627,0.00953406374901533,50
4,Lon,Multi-task,0.00929753109812737,0.00948854815214872,51
4,Lon,Multi-task,0.00928117893636227,0.00948341377079487,52
4,Lon,Multi-task,0.00927051343023777,0.00949667487293482,53
4,Lon,Multi-task,0.0092482166364789,0.00942286942154169,54
4,Lon,Multi-task,0.0092384684830904,0.00941895879805088,55
4,Lon,Multi-task,0.00922745745629072,0.00942304823547602,56
4,Lon,Multi-task,0.00922895688563585,0.00944990385323763,57
4,Lon,Multi-task,0.00921351741999388,0.00939307641237974,58
4,Lon,Multi-task,0.00921732094138861,0.00940488371998072,59
4,Lon,Multi-task,0.00919082015752792,0.00940798316150904,60
4,Lon,Multi-task,0.0092038931325078,0.00936067476868629,61
4,Lon,Multi-task,0.00920016132295132,0.00933129899203777,62
4,Lon,Multi-task,0.00917281862348318,0.00937293283641338,63
4,Lon,Multi-task,0.00918836425989866,0.00934034120291471,64
4,Lon,Multi-task,0.00915846601128578,0.00938296131789684,65
4,Lon,Multi-task,0.00914745219051838,0.00936045031994581,66
4,Lon,Multi-task,0.00915168225765228,0.00934946443885565,67
4,Lon,Multi-task,0.00911612063646317,0.00933999940752983,68
4,Lon,Multi-task,0.00912013277411461,0.00928606651723385,69
4,Lon,Multi-task,0.00912406668066978,0.0092864790931344,70
4,Lon,Multi-task,0.00912661012262106,0.00930205546319485,71
4,Lon,Multi-task,0.0091193001717329,0.00929924007505178,72
4,Lon,Multi-task,0.00910136103630066,0.00925880577415228,73
4,Lon,Multi-task,0.00907195918262005,0.00930402521044016,74
4,Lon,Multi-task,0.00905278790742159,0.009284189902246,75
4,Lon,Multi-task,0.00909316539764404,0.00930007174611092,76
4,Lon,Multi-task,0.00906813982874155,0.00929753296077251,77
4,Lon,Multi-task,0.00909481290727854,0.00932212360203266,78
4,Lon,Multi-task,0.0090539688244462,0.00928480550646782,79
4,Lon,Multi-task,0.0090560931712389,0.00925869680941105,80
4,Lon,Multi-task,0.00905297137796879,0.00927735678851604,81
4,Lon,Multi-task,0.00905829481780529,0.00928948912769556,82
4,Lon,Multi-task,0.00902333203703165,0.00929659884423018,83
4,Lon,Multi-task,0.0090565038844943,0.00929121300578117,84
4,Lon,Multi-task,0.00902104936540127,0.00928588397800922,85
4,Lon,Multi-task,0.00901539530605078,0.00923235807567835,86
4,Lon,Multi-task,0.00902619864791632,0.00927099771797657,87
4,Lon,Multi-task,0.00900711864233017,0.00936428364366293,88
4,Lon,Multi-task,0.009008863940835,0.0092619089409709,89
4,Lon,Multi-task,0.00898534804582596,0.00931327883154154,90
4,Lon,Multi-task,0.00900376867502928,0.00929907523095608,91
4,Lon,Multi-task,0.0089716138318181,0.00920357555150986,92
4,Lon,Multi-task,0.00899833999574184,0.00928527116775513,93
4,Lon,Multi-task,0.0089929299429059,0.00927072577178478,94
4,Lon,Multi-task,0.00899056904017925,0.00926057435572147,95
4,Lon,Multi-task,0.00893768388777971,0.00929953437298536,96
4,Lon,Multi-task,0.00899409502744675,0.00926359370350838,97
4,Lon,Multi-task,0.00897282920777798,0.00925654452294111,98
4,Lon,Multi-task,0.00893838703632355,0.00921484362334013,99
4,Lon,Multi-task,0.00895848497748375,0.00923645310103893,100
5,Lon,Multi-task,0.035236731171608,0.0162497144192457,1
5,Lon,Multi-task,0.0141870733350515,0.0116686010733247,2
5,Lon,Multi-task,0.0123867243528366,0.0109491683542728,3
5,Lon,Multi-task,0.0116201527416706,0.0103716468438506,4
5,Lon,Multi-task,0.0111458329483867,0.00987800396978855,5
5,Lon,Multi-task,0.0108203506097198,0.00981243047863245,6
5,Lon,Multi-task,0.0105846356600523,0.00971050560474396,7
5,Lon,Multi-task,0.010399236343801,0.0095193637534976,8
5,Lon,Multi-task,0.0102637987583876,0.00950458832085133,9
5,Lon,Multi-task,0.0100917322561145,0.0092024989426136,10
5,Lon,Multi-task,0.0100247142836452,0.00938333198428154,11
5,Lon,Multi-task,0.00998770352452993,0.00928054563701153,12
5,Lon,Multi-task,0.00989228300750256,0.00933160353451967,13
5,Lon,Multi-task,0.00983264576643705,0.00905981846153736,14
5,Lon,Multi-task,0.0097668468952179,0.00900421291589737,15
5,Lon,Multi-task,0.00970255769789219,0.00906919222325087,16
5,Lon,Multi-task,0.00967234279960394,0.00908409897238016,17
5,Lon,Multi-task,0.00961121078580618,0.00901403743773699,18
5,Lon,Multi-task,0.00958689674735069,0.00892348028719425,19
5,Lon,Multi-task,0.00955207832157612,0.00896970834583044,20
5,Lon,Multi-task,0.009505745023489,0.00896483939141035,21
5,Lon,Multi-task,0.00946599338203669,0.00891405064612627,22
5,Lon,Multi-task,0.0094602033495903,0.00884045474231243,23
5,Lon,Multi-task,0.00942976120859385,0.00887050572782755,24
5,Lon,Multi-task,0.00938142463564873,0.00890831649303436,25
5,Lon,Multi-task,0.00940390210598707,0.00884347315877676,26
5,Lon,Multi-task,0.00938037410378456,0.00875185988843441,27
5,Lon,Multi-task,0.00934525486081839,0.00884167570620775,28
5,Lon,Multi-task,0.0093001676723361,0.00873999856412411,29
5,Lon,Multi-task,0.00928355380892754,0.00876118708401918,30
5,Lon,Multi-task,0.00928106810897589,0.00874057039618492,31
5,Lon,Multi-task,0.00923789944499731,0.00874489638954401,32
5,Lon,Multi-task,0.00924029387533665,0.00872123893350363,33
5,Lon,Multi-task,0.00921335723251104,0.00868993066251278,34
5,Lon,Multi-task,0.00920896045863628,0.00873792450875044,35
5,Lon,Multi-task,0.00917184911668301,0.0085537014529109,36
5,Lon,Multi-task,0.00918277725577354,0.00861504580825567,37
5,Lon,Multi-task,0.0091395927593112,0.00867099687457085,38
5,Lon,Multi-task,0.0091546019539237,0.00868698675185442,39
5,Lon,Multi-task,0.00917789340019226,0.00866395514458418,40
5,Lon,Multi-task,0.00912404898554087,0.00860095117241144,41
5,Lon,Multi-task,0.00906949490308762,0.00859360024333,42
5,Lon,Multi-task,0.00910536758601665,0.00855366792529821,43
5,Lon,Multi-task,0.00911184027791023,0.00854970701038837,44
5,Lon,Multi-task,0.00906991120427847,0.00863016676157713,45
5,Lon,Multi-task,0.00906832795590162,0.00858425069600344,46
5,Lon,Multi-task,0.00904931873083115,0.00861002411693335,47
5,Lon,Multi-task,0.00903708394616842,0.00860175956040621,48
5,Lon,Multi-task,0.00905827526003122,0.00867111887782812,49
5,Lon,Multi-task,0.00901078246533871,0.00851470790803433,50
5,Lon,Multi-task,0.00899827852845192,0.00857959780842066,51
5,Lon,Multi-task,0.00900614727288485,0.00853639282286167,52
5,Lon,Multi-task,0.00894804392009974,0.00858926307410002,53
5,Lon,Multi-task,0.00901355873793364,0.00859876163303852,54
5,Lon,Multi-task,0.00899039953947067,0.00852192752063274,55
5,Lon,Multi-task,0.00894702132791281,0.0085069676861167,56
5,Lon,Multi-task,0.00897855032235384,0.00854523573070765,57
5,Lon,Multi-task,0.00895490311086178,0.00858397409319878,58
5,Lon,Multi-task,0.00892088375985622,0.00853105075657368,59
5,Lon,Multi-task,0.00894661527127028,0.00856250524520874,60
5,Lon,Multi-task,0.00891382712870836,0.00850422400981188,61
5,Lon,Multi-task,0.00891546439379454,0.00858154334127903,62
5,Lon,Multi-task,0.00890317652374506,0.0085444962605834,63
5,Lon,Multi-task,0.00890370272099972,0.00845501571893692,64
5,Lon,Multi-task,0.00888569187372923,0.0085183959454298,65
5,Lon,Multi-task,0.00888299383223057,0.00853591039776802,66
5,Lon,Multi-task,0.00889954064041376,0.00854488089680672,67
5,Lon,Multi-task,0.00889386981725693,0.00854290463030338,68
5,Lon,Multi-task,0.00886434316635132,0.00847786478698254,69
5,Lon,Multi-task,0.00888223946094513,0.00860387552529573,70
5,Lon,Multi-task,0.00885027274489403,0.00857595168054104,71
5,Lon,Multi-task,0.0088627627119422,0.00849614851176739,72
5,Lon,Multi-task,0.00886073801666498,0.00850470270961523,73
5,Lon,Multi-task,0.00882340222597122,0.00845760013908148,74
5,Lon,Multi-task,0.00883565098047257,0.00856252945959568,75
5,Lon,Multi-task,0.00878865271806717,0.008457793854177,76
5,Lon,Multi-task,0.00880470499396324,0.00840921420603991,77
5,Lon,Multi-task,0.00881721638143063,0.00841995608061552,78
5,Lon,Multi-task,0.00879225134849548,0.00852118991315365,79
5,Lon,Multi-task,0.00882565323263407,0.0084930919110775,80
5,Lon,Multi-task,0.00880018528550863,0.00859757978469133,81
5,Lon,Multi-task,0.00879522319883108,0.00849188212305307,82
5,Lon,Multi-task,0.00877576135098934,0.00847298558801413,83
5,Lon,Multi-task,0.00877277832478285,0.00849723443388939,84
5,Lon,Multi-task,0.00877844169735909,0.00853049196302891,85
5,Lon,Multi-task,0.00878958124667406,0.00844418071210384,86
5,Lon,Multi-task,0.00875787157565355,0.00844357069581747,87
5,Lon,Multi-task,0.00875273812562227,0.00846330169588327,88
5,Lon,Multi-task,0.00875923968851566,0.00847241748124361,89
5,Lon,Multi-task,0.00875477306544781,0.00849459506571293,90
5,Lon,Multi-task,0.00876649376004934,0.00851668231189251,91
5,Lon,Multi-task,0.00873235706239939,0.00849400646984577,92
5,Lon,Multi-task,0.00873500481247902,0.0085695069283247,93
5,Lon,Multi-task,0.00869524106383324,0.00854375399649143,94
5,Lon,Multi-task,0.00870155449956656,0.0084617780521512,95
5,Lon,Multi-task,0.00870413146913052,0.00851520616561174,96
5,Lon,Multi-task,0.00871139112859964,0.00845720898360014,97
5,Lon,Multi-task,0.00869696494191885,0.00859465543180704,98
5,Lon,Multi-task,0.00869385991245508,0.00850868225097656,99
5,Lon,Multi-task,0.00871129333972931,0.00861159525811672,100
1,random,Multi-task,0.0371972024440765,0.0179071221500635,1
1,random,Multi-task,0.014471641741693,0.0117638790979981,2
1,random,Multi-task,0.0125826075673103,0.011116236448288,3
1,random,Multi-task,0.0117715084925294,0.0106146838515997,4
1,random,Multi-task,0.0112740825861692,0.0103828674182296,5
1,random,Multi-task,0.0109305940568447,0.0102205583825707,6
1,random,Multi-task,0.0106460833922029,0.0102345906198025,7
1,random,Multi-task,0.010527303442359,0.0100246937945485,8
1,random,Multi-task,0.0103539582341909,0.0101352417841554,9
1,random,Multi-task,0.0102273607626557,0.00995736941695213,10
1,random,Multi-task,0.010163445957005,0.0100640878081322,11
1,random,Multi-task,0.0100540332496166,0.00996675528585911,12
1,random,Multi-task,0.00998186878859997,0.00986156426370144,13
1,random,Multi-task,0.00992635916918516,0.0098688155412674,14
1,random,Multi-task,0.0098962327465415,0.00976386666297913,15
1,random,Multi-task,0.00983758084475994,0.00978430639952421,16
1,random,Multi-task,0.00982216838747263,0.00977979972958565,17
1,random,Multi-task,0.00975920911878347,0.00964746344834566,18
1,random,Multi-task,0.00972926244139671,0.00965876877307892,19
1,random,Multi-task,0.00969341024756432,0.00966481771320105,20
1,random,Multi-task,0.0096411919221282,0.00967321079224348,21
1,random,Multi-task,0.00962263345718384,0.00955446064472198,22
1,random,Multi-task,0.00959912315011024,0.00957948621362448,23
1,random,Multi-task,0.00956482067704201,0.00956125278025866,24
1,random,Multi-task,0.00957169197499752,0.00954171922057867,25
1,random,Multi-task,0.00955842435359955,0.00946280732750893,26
1,random,Multi-task,0.00950560625642538,0.00951974652707577,27
1,random,Multi-task,0.00945969112217426,0.00941560417413712,28
1,random,Multi-task,0.00945279281586409,0.00947164092212915,29
1,random,Multi-task,0.00945130735635757,0.00944372918456793,30
1,random,Multi-task,0.00942937936633825,0.00940401293337345,31
1,random,Multi-task,0.00941267050802708,0.00945607572793961,32
1,random,Multi-task,0.00938240252435207,0.00940771121531725,33
1,random,Multi-task,0.00937069673091173,0.00938705448061228,34
1,random,Multi-task,0.00938838813453913,0.00937736686319113,35
1,random,Multi-task,0.00935138110071421,0.00942797772586346,36
1,random,Multi-task,0.00931564811617136,0.00939126312732697,37
1,random,Multi-task,0.00931749772280455,0.00943824835121632,38
1,random,Multi-task,0.00931728631258011,0.00934354588389397,39
1,random,Multi-task,0.00930317491292953,0.00935012008994818,40
1,random,Multi-task,0.00930096674710512,0.00935003627091646,41
1,random,Multi-task,0.00927750393748283,0.00929804425686598,42
1,random,Multi-task,0.00925239641219378,0.009337711147964,43
1,random,Multi-task,0.00925169046968222,0.00937992706894875,44
1,random,Multi-task,0.00924856960773468,0.00930924713611603,45
1,random,Multi-task,0.00924178306013346,0.00929365400224924,46
1,random,Multi-task,0.00924193579703569,0.00936741381883621,47
1,random,Multi-task,0.00920152012258768,0.00927229877561331,48
1,random,Multi-task,0.00920975115150213,0.00922292657196522,49
1,random,Multi-task,0.00918656308203936,0.00924089550971985,50
1,random,Multi-task,0.00919166672974825,0.00929682236164808,51
1,random,Multi-task,0.00915614888072014,0.00923324842005968,52
1,random,Multi-task,0.009143834002316,0.00922928471118212,53
1,random,Multi-task,0.00915560591965914,0.00918391440063715,54
1,random,Multi-task,0.00914754439145327,0.00918176304548979,55
1,random,Multi-task,0.00911622494459152,0.00918233580887318,56
1,random,Multi-task,0.00913115497678518,0.00913591776043177,57
1,random,Multi-task,0.00911021139472723,0.00923254154622555,58
1,random,Multi-task,0.00910824909806252,0.00916695687919855,59
1,random,Multi-task,0.00909335259348154,0.00914211105555296,60
1,random,Multi-task,0.00910773035138845,0.00918940361589193,61
1,random,Multi-task,0.0090875755995512,0.00912244711071253,62
1,random,Multi-task,0.00904239248484373,0.0091354213654995,63
1,random,Multi-task,0.00907796248793602,0.00912129692733288,64
1,random,Multi-task,0.00906871445477009,0.00908821914345026,65
1,random,Multi-task,0.00904632080346346,0.00909829139709473,66
1,random,Multi-task,0.0090625174343586,0.00918601173907518,67
1,random,Multi-task,0.00906659662723541,0.00918824691325426,68
1,random,Multi-task,0.00903035886585712,0.00918267387896776,69
1,random,Multi-task,0.00904882978647947,0.00912259332835674,70
1,random,Multi-task,0.00903880689293146,0.0091333519667387,71
1,random,Multi-task,0.00903331208974123,0.00907228793948889,72
1,random,Multi-task,0.00902488548308611,0.0090922499075532,73
1,random,Multi-task,0.0090018380433321,0.00905935373157263,74
1,random,Multi-task,0.00899245776236057,0.00906319357454777,75
1,random,Multi-task,0.00899450574070215,0.00908963661640882,76
1,random,Multi-task,0.00897436309605837,0.00909637473523617,77
1,random,Multi-task,0.00898771546781063,0.00908495765179396,78
1,random,Multi-task,0.00897394679486752,0.00904850568622351,79
1,random,Multi-task,0.00898857228457928,0.00911827199161053,80
1,random,Multi-task,0.00895007234066725,0.0091372299939394,81
1,random,Multi-task,0.00898251961916685,0.009127551689744,82
1,random,Multi-task,0.00898896716535091,0.00905221980065107,83
1,random,Multi-task,0.00897099450230598,0.00906758289784193,84
1,random,Multi-task,0.00892529916018248,0.00912336446344852,85
1,random,Multi-task,0.00893597025424242,0.00905540119856596,86
1,random,Multi-task,0.00895096827298403,0.00907005183398724,87
1,random,Multi-task,0.00893105659633875,0.00905950833112001,88
1,random,Multi-task,0.00892489589750767,0.00906584318727255,89
1,random,Multi-task,0.00893260445445776,0.00901548285037279,90
1,random,Multi-task,0.00895870663225651,0.00905603729188442,91
1,random,Multi-task,0.00891079008579254,0.00904847029596567,92
1,random,Multi-task,0.00890563149005175,0.00901335850358009,93
1,random,Multi-task,0.00890309363603592,0.00905560981482267,94
1,random,Multi-task,0.00886169169098139,0.00901157408952713,95
1,random,Multi-task,0.00889828428626061,0.00903234072029591,96
1,random,Multi-task,0.00889772269874811,0.00901131145656109,97
1,random,Multi-task,0.00887435022741556,0.00902784243226051,98
1,random,Multi-task,0.00890675373375416,0.00907158385962248,99
1,random,Multi-task,0.00889130309224129,0.00899391621351242,100
2,random,Multi-task,0.0378205813467503,0.017791785299778,1
2,random,Multi-task,0.0143794910982251,0.0116737643256783,2
2,random,Multi-task,0.0124543597921729,0.0111260693520308,3
2,random,Multi-task,0.0115761989727616,0.0105749377980828,4
2,random,Multi-task,0.0110918786376715,0.0103100873529911,5
2,random,Multi-task,0.0108013665303588,0.0102845476940274,6
2,random,Multi-task,0.0105948820710182,0.0100854756310582,7
2,random,Multi-task,0.0104212835431099,0.0101998597383499,8
2,random,Multi-task,0.010298827663064,0.0100679444149137,9
2,random,Multi-task,0.0101708946749568,0.0101064741611481,10
2,random,Multi-task,0.010087070055306,0.0100147956982255,11
2,random,Multi-task,0.0100646261125803,0.00996785052120686,12
2,random,Multi-task,0.0099735027179122,0.00984514318406582,13
2,random,Multi-task,0.0099071403965354,0.00986362900584936,14
2,random,Multi-task,0.00989087205380201,0.00980100966989994,15
2,random,Multi-task,0.00981235224753618,0.00969983637332916,16
2,random,Multi-task,0.00976511370390654,0.00985330250114202,17
2,random,Multi-task,0.0097484290599823,0.00978316180408001,18
2,random,Multi-task,0.00969734974205494,0.00963160861283541,19
2,random,Multi-task,0.00967781525105238,0.00968397594988346,20
2,random,Multi-task,0.009635204449296,0.00962477829307318,21
2,random,Multi-task,0.00964141264557838,0.00959389749914408,22
2,random,Multi-task,0.00958722364157438,0.00961493328213692,23
2,random,Multi-task,0.00957855023443699,0.00951021444052458,24
2,random,Multi-task,0.0095192426815629,0.00956822093576193,25
2,random,Multi-task,0.0094916271045804,0.00952421687543392,26
2,random,Multi-task,0.00951916351914406,0.00957039464265108,27
2,random,Multi-task,0.00945583637803793,0.00949021615087986,28
2,random,Multi-task,0.00945001654326916,0.00953779835253954,29
2,random,Multi-task,0.0094401016831398,0.00942169316112995,30
2,random,Multi-task,0.0094467019662261,0.00942266173660755,31
2,random,Multi-task,0.00940072163939476,0.00946129858493805,32
2,random,Multi-task,0.00937961880117655,0.00941868685185909,33
2,random,Multi-task,0.00936101377010345,0.00935779511928558,34
2,random,Multi-task,0.00933258607983589,0.00936248619109392,35
2,random,Multi-task,0.00934035424143076,0.00932484213262796,36
2,random,Multi-task,0.00933227688074112,0.00931652262806892,37
2,random,Multi-task,0.00931706186383963,0.0093179689720273,38
2,random,Multi-task,0.00932339951395988,0.00937838479876518,39
2,random,Multi-task,0.00927423685789108,0.00930568389594555,40
2,random,Multi-task,0.00928945746272802,0.00927393883466721,41
2,random,Multi-task,0.00924614723771811,0.00927011668682098,42
2,random,Multi-task,0.00924042426049709,0.00928010419011116,43
2,random,Multi-task,0.00923328567296267,0.00930694956332445,44
2,random,Multi-task,0.00924225337803364,0.00927866715937853,45
2,random,Multi-task,0.00920512806624174,0.00927058979868889,46
2,random,Multi-task,0.00921840220689774,0.00930159818381071,47
2,random,Multi-task,0.00919632520526648,0.0092001436278224,48
2,random,Multi-task,0.00920115318149328,0.0092442249879241,49
2,random,Multi-task,0.00919370446354151,0.00922011770308018,50
2,random,Multi-task,0.00918791349977255,0.00927786529064178,51
2,random,Multi-task,0.00916445720940828,0.00924113392829895,52
2,random,Multi-task,0.00913348607718945,0.00917570665478706,53
2,random,Multi-task,0.00914905592799187,0.009291036054492,54
2,random,Multi-task,0.00914725568145514,0.00917959213256836,55
2,random,Multi-task,0.00915301684290171,0.00920416414737701,56
2,random,Multi-task,0.00913253892213106,0.00921421684324741,57
2,random,Multi-task,0.00910447351634502,0.00914712809026241,58
2,random,Multi-task,0.00912098307162523,0.00917174015194178,59
2,random,Multi-task,0.00908470805734396,0.0091483173891902,60
2,random,Multi-task,0.00910523161292076,0.00914695486426353,61
2,random,Multi-task,0.00909969862550497,0.00915028620511293,62
2,random,Multi-task,0.00908712111413479,0.00912801455706358,63
2,random,Multi-task,0.00906264502555132,0.00912228878587484,64
2,random,Multi-task,0.00905492715537548,0.00913662929087877,65
2,random,Multi-task,0.0090666338801384,0.00909031461924314,66
2,random,Multi-task,0.00906878616660833,0.00909890979528427,67
2,random,Multi-task,0.00902863591909409,0.00911602098494768,68
2,random,Multi-task,0.00902756489813328,0.00912045128643513,69
2,random,Multi-task,0.0090146204456687,0.00909667927771807,70
2,random,Multi-task,0.0090672392398119,0.00908873230218887,71
2,random,Multi-task,0.00901181995868683,0.00906520057469606,72
2,random,Multi-task,0.00900258496403694,0.00909491069614887,73
2,random,Multi-task,0.00901323743164539,0.00915011577308178,74
2,random,Multi-task,0.00900312978774309,0.00912195257842541,75
2,random,Multi-task,0.00900627579540014,0.00910441484302282,76
2,random,Multi-task,0.00898405257612467,0.00910855177789927,77
2,random,Multi-task,0.00898288749158382,0.00908724032342434,78
2,random,Multi-task,0.00896098744124174,0.00911334436386824,79
2,random,Multi-task,0.0089502539485693,0.00904336851090193,80
2,random,Multi-task,0.00896762777119875,0.00904554594308138,81
2,random,Multi-task,0.00895071960985661,0.0090697668492794,82
2,random,Multi-task,0.00895940978080034,0.00911486800760031,83
2,random,Multi-task,0.0089660594239831,0.00908031407743692,84
2,random,Multi-task,0.008948078379035,0.00904300529509783,85
2,random,Multi-task,0.00895265024155378,0.00910170935094357,86
2,random,Multi-task,0.00896039325743914,0.00907880067825317,87
2,random,Multi-task,0.00895851664245129,0.00908822193741798,88
2,random,Multi-task,0.00894870515912771,0.00907274149358273,89
2,random,Multi-task,0.00889719184488058,0.00903098378330469,90
2,random,Multi-task,0.00895509030669928,0.00901444628834724,91
2,random,Multi-task,0.00892641860991716,0.0090462788939476,92
2,random,Multi-task,0.00891857407987118,0.00908035226166248,93
2,random,Multi-task,0.00892057549208403,0.00908286590129137,94
2,random,Multi-task,0.00891926512122154,0.00907046813517809,95
2,random,Multi-task,0.00889454130083323,0.00907047931104898,96
2,random,Multi-task,0.00887478049844503,0.00904349237680435,97
2,random,Multi-task,0.00888323504477739,0.00904632266610861,98
2,random,Multi-task,0.00891093630343676,0.00910223368555307,99
2,random,Multi-task,0.00890268571674824,0.00904145836830139,100
3,random,Multi-task,0.0372727960348129,0.019348019734025,1
3,random,Multi-task,0.0145724043250084,0.0117044858634472,2
3,random,Multi-task,0.0125987716019154,0.0112562952563167,3
3,random,Multi-task,0.0117329657077789,0.0106996139511466,4
3,random,Multi-task,0.0112686268985271,0.0104299774393439,5
3,random,Multi-task,0.0109340790659189,0.0102845942601562,6
3,random,Multi-task,0.0106762824580073,0.010264896787703,7
3,random,Multi-task,0.010490826331079,0.0101145897060633,8
3,random,Multi-task,0.0103611843660474,0.0101005276665092,9
3,random,Multi-task,0.0102602289989591,0.0100063504651189,10
3,random,Multi-task,0.0101581485942006,0.00993180181831121,11
3,random,Multi-task,0.0101189212873578,0.00994034484028816,12
3,random,Multi-task,0.0100245848298073,0.00998443737626076,13
3,random,Multi-task,0.00995062477886677,0.00978667568415403,14
3,random,Multi-task,0.00991444010287523,0.00975923053920269,15
3,random,Multi-task,0.00983631983399391,0.0097464956343174,16
3,random,Multi-task,0.0098331505432725,0.00963762030005455,17
3,random,Multi-task,0.00979406759142876,0.00960174668580294,18
3,random,Multi-task,0.00977090001106262,0.00957748666405678,19
3,random,Multi-task,0.00966679956763983,0.00963827967643738,20
3,random,Multi-task,0.00965972244739532,0.00951414182782173,21
3,random,Multi-task,0.00963756255805492,0.0095526073127985,22
3,random,Multi-task,0.00959900207817554,0.00949151255190372,23
3,random,Multi-task,0.00963703170418739,0.00949025992304087,24
3,random,Multi-task,0.0095611335709691,0.00946984905749559,25
3,random,Multi-task,0.00954816676676273,0.00937693007290363,26
3,random,Multi-task,0.00954412389546633,0.00934896245598793,27
3,random,Multi-task,0.00953295361250639,0.00941696111112833,28
3,random,Multi-task,0.00949830003082752,0.00931249279528856,29
3,random,Multi-task,0.00946098659187555,0.00929422304034233,30
3,random,Multi-task,0.00945102237164974,0.0093252882361412,31
3,random,Multi-task,0.00941643305122852,0.00931136030703783,32
3,random,Multi-task,0.00941051822155714,0.00927539356052876,33
3,random,Multi-task,0.00940250139683485,0.0093371607363224,34
3,random,Multi-task,0.00936046987771988,0.00925100594758987,35
3,random,Multi-task,0.00938578322529793,0.00920482259243727,36
3,random,Multi-task,0.00937056541442871,0.00926069356501102,37
3,random,Multi-task,0.00934836827218533,0.00919240433722734,38
3,random,Multi-task,0.00931911915540695,0.00916046556085348,39
3,random,Multi-task,0.00931626278907061,0.00915561709553003,40
3,random,Multi-task,0.00930418632924557,0.0091906851157546,41
3,random,Multi-task,0.00929570011794567,0.0092161213979125,42
3,random,Multi-task,0.00930507481098175,0.00916063040494919,43
3,random,Multi-task,0.00926735531538725,0.00914913881570101,44
3,random,Multi-task,0.00927943456918001,0.00911882519721985,45
3,random,Multi-task,0.00923806801438332,0.00912581384181976,46
3,random,Multi-task,0.00920649617910385,0.00917093828320503,47
3,random,Multi-task,0.00923651270568371,0.00918128620833158,48
3,random,Multi-task,0.00919483415782452,0.00914769619703293,49
3,random,Multi-task,0.00920253898948431,0.00909817311912775,50
3,random,Multi-task,0.00918525084853172,0.00911379512399435,51
3,random,Multi-task,0.0091897277161479,0.00909969955682755,52
3,random,Multi-task,0.00916182901710272,0.00917476881295443,53
3,random,Multi-task,0.00915498938411474,0.00911535322666168,54
3,random,Multi-task,0.00917094573378563,0.00910523161292076,55
3,random,Multi-task,0.00917196925729513,0.00907362252473831,56
3,random,Multi-task,0.00915276166051626,0.00915293209254742,57
3,random,Multi-task,0.0091326218098402,0.00906636565923691,58
3,random,Multi-task,0.00913373753428459,0.00907156709581614,59
3,random,Multi-task,0.00912502780556679,0.00911404937505722,60
3,random,Multi-task,0.00912515819072723,0.00910330004990101,61
3,random,Multi-task,0.00910467095673084,0.00905593857169151,62
3,random,Multi-task,0.00908815301954746,0.00901925284415483,63
3,random,Multi-task,0.00908265169709921,0.00905251037329435,64
3,random,Multi-task,0.00907654315233231,0.00902575813233852,65
3,random,Multi-task,0.00908387172967196,0.00910891313105822,66
3,random,Multi-task,0.00909940339624882,0.00903746671974659,67
3,random,Multi-task,0.00907600577920675,0.00908877141773701,68
3,random,Multi-task,0.00905561540275812,0.00904739648103714,69
3,random,Multi-task,0.00906229112297297,0.00900543201714754,70
3,random,Multi-task,0.00905148405581713,0.00898418668657541,71
3,random,Multi-task,0.00902062188833952,0.00903470907360315,72
3,random,Multi-task,0.00905152130872011,0.00898710172623396,73
3,random,Multi-task,0.00899214670062065,0.00905128475278616,74
3,random,Multi-task,0.00902259908616543,0.00902456231415272,75
3,random,Multi-task,0.00902330223470926,0.00905098766088486,76
3,random,Multi-task,0.00902313366532326,0.00899656116962433,77
3,random,Multi-task,0.00899142026901245,0.00901906657963991,78
3,random,Multi-task,0.00898941606283188,0.00898474361747503,79
3,random,Multi-task,0.00901999976485968,0.00908162351697683,80
3,random,Multi-task,0.0090051731094718,0.00903213676065207,81
3,random,Multi-task,0.0089843301102519,0.00907749868929386,82
3,random,Multi-task,0.00899156369268894,0.00899346731603146,83
3,random,Multi-task,0.00896084494888783,0.00892637576907873,84
3,random,Multi-task,0.00897631514817476,0.00900070648640394,85
3,random,Multi-task,0.00894590560346842,0.00898609310388565,86
3,random,Multi-task,0.00896323751658201,0.00899001955986023,87
3,random,Multi-task,0.0089381504803896,0.00898884516209364,88
3,random,Multi-task,0.00895101670175791,0.00894809328019619,89
3,random,Multi-task,0.00893332343548536,0.00901484955102205,90
3,random,Multi-task,0.00893246196210384,0.00897728744894266,91
3,random,Multi-task,0.00893217045813799,0.00897252187132835,92
3,random,Multi-task,0.00895335245877504,0.00894841644912958,93
3,random,Multi-task,0.00890166033059359,0.00897181127220392,94
3,random,Multi-task,0.00893315300345421,0.00896667875349522,95
3,random,Multi-task,0.00889714062213898,0.00901107117533684,96
3,random,Multi-task,0.00888617802411318,0.00898956414312124,97
3,random,Multi-task,0.00889946613460779,0.00897810980677605,98
3,random,Multi-task,0.00893214344978333,0.00900544039905071,99
3,random,Multi-task,0.00890140980482101,0.00895512569695711,100
4,random,Multi-task,0.0359961874783039,0.0176224019378424,1
4,random,Multi-task,0.0144369062036276,0.0114756133407354,2
4,random,Multi-task,0.0124949961900711,0.0110888294875622,3
4,random,Multi-task,0.011715192347765,0.0107283089309931,4
4,random,Multi-task,0.0112426644191146,0.0104960035532713,5
4,random,Multi-task,0.0108615988865495,0.0102760922163725,6
4,random,Multi-task,0.0106561873108149,0.0102292690426111,7
4,random,Multi-task,0.0104964589700103,0.0102019524201751,8
4,random,Multi-task,0.0103259664028883,0.0101586505770683,9
4,random,Multi-task,0.0102466223761439,0.0100601837038994,10
4,random,Multi-task,0.0101363752037287,0.0101019060239196,11
4,random,Multi-task,0.0100638680160046,0.0100602051243186,12
4,random,Multi-task,0.0099969282746315,0.00991858169436455,13
4,random,Multi-task,0.00993509963154793,0.00987306516617537,14
4,random,Multi-task,0.00987360719591379,0.00987143442034721,15
4,random,Multi-task,0.00980240199714899,0.00968442298471928,16
4,random,Multi-task,0.00978314597159624,0.00968044996261597,17
4,random,Multi-task,0.00974557548761368,0.00967616308480501,18
4,random,Multi-task,0.00968861673027277,0.00963360723108053,19
4,random,Multi-task,0.00968761369585991,0.00967889372259378,20
4,random,Multi-task,0.00961601920425892,0.0095721548423171,21
4,random,Multi-task,0.00960044749081135,0.00954423379153013,22
4,random,Multi-task,0.00957808829843998,0.00953278224915266,23
4,random,Multi-task,0.00954593345522881,0.00951807852834463,24
4,random,Multi-task,0.00950520392507315,0.00941196084022522,25
4,random,Multi-task,0.00948360469192266,0.00952278636395931,26
4,random,Multi-task,0.00946502201259136,0.0094223516061902,27
4,random,Multi-task,0.00946031138300896,0.00948035344481468,28
4,random,Multi-task,0.00944664981216192,0.00953851733356714,29
4,random,Multi-task,0.00941276457160711,0.0094137117266655,30
4,random,Multi-task,0.00939614791423082,0.00938413385301828,31
4,random,Multi-task,0.00937154423445463,0.00947410985827446,32
4,random,Multi-task,0.00939306616783142,0.00934161152690649,33
4,random,Multi-task,0.00934483297169209,0.00944067444652319,34
4,random,Multi-task,0.00931539665907621,0.00928478315472603,35
4,random,Multi-task,0.00934725813567638,0.00926143396645784,36
4,random,Multi-task,0.00928761716932058,0.00931992288678885,37
4,random,Multi-task,0.00928149186074734,0.00934790726751089,38
4,random,Multi-task,0.00926506798714399,0.00926812365651131,39
4,random,Multi-task,0.00926411338150501,0.0093063972890377,40
4,random,Multi-task,0.00926989410072565,0.00931991916149855,41
4,random,Multi-task,0.00924260262399912,0.00925616919994354,42
4,random,Multi-task,0.00921871233731508,0.00928813405334949,43
4,random,Multi-task,0.0092105595394969,0.00925085972994566,44
4,random,Multi-task,0.00920615624636412,0.00917801260948181,45
4,random,Multi-task,0.00924088340252638,0.00925352796912193,46
4,random,Multi-task,0.00918358750641346,0.00918396003544331,47
4,random,Multi-task,0.00916969869285822,0.00918286852538586,48
4,random,Multi-task,0.00918203219771385,0.00917509198188782,49
4,random,Multi-task,0.00916966795921326,0.00919187348335981,50
4,random,Multi-task,0.00914471503347158,0.00925133656710386,51
4,random,Multi-task,0.00914162676781416,0.0092286579310894,52
4,random,Multi-task,0.00913278292864561,0.00916264671832323,53
4,random,Multi-task,0.00913390144705772,0.00920611247420311,54
4,random,Multi-task,0.00911945477128029,0.00918542686849833,55
4,random,Multi-task,0.00910340435802937,0.00918729603290558,56
4,random,Multi-task,0.00908687897026539,0.00911762844771147,57
4,random,Multi-task,0.00908484682440758,0.0091537507250905,58
4,random,Multi-task,0.00908198300749063,0.00916901975870132,59
4,random,Multi-task,0.00907171424478292,0.00917691085487604,60
4,random,Multi-task,0.00907024927437305,0.00909018889069557,61
4,random,Multi-task,0.00907773617655039,0.00903943553566933,62
4,random,Multi-task,0.00905734114348888,0.00907565467059612,63
4,random,Multi-task,0.00906904973089695,0.00908913090825081,64
4,random,Multi-task,0.00904066674411297,0.00902718678116798,65
4,random,Multi-task,0.00906277168542147,0.00905753765255213,66
4,random,Multi-task,0.00902264378964901,0.00906965136528015,67
4,random,Multi-task,0.00901596061885357,0.00903985090553761,68
4,random,Multi-task,0.00899447314441204,0.00911302212625742,69
4,random,Multi-task,0.00903574749827385,0.00904959160834551,70
4,random,Multi-task,0.00899597350507975,0.00910330936312675,71
4,random,Multi-task,0.00899501517415047,0.00905824638903141,72
4,random,Multi-task,0.0089966980740428,0.00902468990534544,73
4,random,Multi-task,0.00899078417569399,0.00904831942170858,74
4,random,Multi-task,0.00898350868374109,0.0090314969420433,75
4,random,Multi-task,0.00897541549056768,0.00904475059360266,76
4,random,Multi-task,0.00899203401058912,0.00898750592023134,77
4,random,Multi-task,0.00893743894994259,0.00901670753955841,78
4,random,Multi-task,0.00893828179687262,0.00901294406503439,79
4,random,Multi-task,0.00894068460911512,0.00899999774992466,80
4,random,Multi-task,0.00896367244422436,0.009050820954144,81
4,random,Multi-task,0.00893671344965696,0.0089596277102828,82
4,random,Multi-task,0.00895200297236443,0.00904848612844944,83
4,random,Multi-task,0.00894467253237963,0.00895421300083399,84
4,random,Multi-task,0.00895717926323414,0.00899636372923851,85
4,random,Multi-task,0.0089232474565506,0.00898147653788328,86
4,random,Multi-task,0.00895157177001238,0.00898174289613962,87
4,random,Multi-task,0.00895662885159254,0.00897236540913582,88
4,random,Multi-task,0.00891637708991766,0.00898755434900522,89
4,random,Multi-task,0.00888490676879883,0.00897775311022997,90
4,random,Multi-task,0.00891182944178581,0.00899918843060732,91
4,random,Multi-task,0.00886051636189222,0.00901705864816904,92
4,random,Multi-task,0.00886593293398619,0.00897500570863485,93
4,random,Multi-task,0.00889203511178494,0.00896461214870215,94
4,random,Multi-task,0.0088675431907177,0.00897872913628817,95
4,random,Multi-task,0.00890463404357433,0.00895316060632467,96
4,random,Multi-task,0.0088575528934598,0.00892730709165335,97
4,random,Multi-task,0.00889840349555016,0.00893091876059771,98
4,random,Multi-task,0.00886144116520882,0.0089380107820034,99
4,random,Multi-task,0.00885399430990219,0.00893609505146742,100
5,random,Multi-task,0.0385909900069237,0.0181071348488331,1
5,random,Multi-task,0.0144792096689343,0.0116301476955414,2
5,random,Multi-task,0.0125984977930784,0.0109173208475113,3
5,random,Multi-task,0.0117251072078943,0.0106958663091064,4
5,random,Multi-task,0.0112524647265673,0.0103596104308963,5
5,random,Multi-task,0.0109042534604669,0.0102942921221256,6
5,random,Multi-task,0.0106609240174294,0.0101932734251022,7
5,random,Multi-task,0.0104808229953051,0.0101745659485459,8
5,random,Multi-task,0.010335803963244,0.0100055010989308,9
5,random,Multi-task,0.0102487662807107,0.0100994585081935,10
5,random,Multi-task,0.0101484321057796,0.00997810903936625,11
5,random,Multi-task,0.0100731356069446,0.0100337937474251,12
5,random,Multi-task,0.0100206704810262,0.00987606402486563,13
5,random,Multi-task,0.00996487680822611,0.00986161734908819,14
5,random,Multi-task,0.00988798215985298,0.00985753163695335,15
5,random,Multi-task,0.00988179259002209,0.00975886452943087,16
5,random,Multi-task,0.00980184786021709,0.009713982231915,17
5,random,Multi-task,0.00973070506006479,0.00962342973798513,18
5,random,Multi-task,0.00973018910735846,0.00974835734814405,19
5,random,Multi-task,0.0096942400559783,0.00964399147778749,20
5,random,Multi-task,0.00965582486242056,0.00961505435407162,21
5,random,Multi-task,0.00960625521838665,0.00960774533450603,22
5,random,Multi-task,0.00960392598062754,0.00961765926331282,23
5,random,Multi-task,0.00954901240766048,0.00968100316822529,24
5,random,Multi-task,0.00955985113978386,0.0095883971080184,25
5,random,Multi-task,0.00950791034847498,0.00965297687798738,26
5,random,Multi-task,0.00949892029166222,0.00952064525336027,27
5,random,Multi-task,0.0094674751162529,0.00952036771923304,28
5,random,Multi-task,0.00946754030883312,0.00961949490010738,29
5,random,Multi-task,0.00945659354329109,0.00955715961754322,30
5,random,Multi-task,0.00943136867135763,0.00956130586564541,31
5,random,Multi-task,0.00941923167556524,0.00954889878630638,32
5,random,Multi-task,0.00940109603106976,0.00935792364180088,33
5,random,Multi-task,0.00935887359082699,0.00943845137953758,34
5,random,Multi-task,0.00936565361917019,0.00948327034711838,35
5,random,Multi-task,0.00934338010847569,0.00941571593284607,36
5,random,Multi-task,0.00931309256702662,0.00943227391690016,37
5,random,Multi-task,0.00929789990186691,0.00929149985313416,38
5,random,Multi-task,0.00930779241025448,0.00935078226029873,39
5,random,Multi-task,0.00929023139178753,0.00941561907529831,40
5,random,Multi-task,0.00929508544504642,0.00936018861830235,41
5,random,Multi-task,0.00928826071321964,0.00934284366667271,42
5,random,Multi-task,0.00926187448203564,0.00937115214765072,43
5,random,Multi-task,0.00925462227314711,0.00934333726763725,44
5,random,Multi-task,0.00920710526406765,0.00925777200609446,45
5,random,Multi-task,0.00919407233595848,0.0093826912343502,46
5,random,Multi-task,0.0092273261398077,0.00927293486893177,47
5,random,Multi-task,0.00918461009860039,0.00926101021468639,48
5,random,Multi-task,0.00918388459831476,0.00926668290048838,49
5,random,Multi-task,0.00918882619589567,0.00925709679722786,50
5,random,Multi-task,0.00915931724011898,0.00926245003938675,51
5,random,Multi-task,0.00916124973446131,0.0093021159991622,52
5,random,Multi-task,0.00916666071861982,0.00934757199138403,53
5,random,Multi-task,0.00911281257867813,0.00931361597031355,54
5,random,Multi-task,0.00913464743643999,0.00921802502125502,55
5,random,Multi-task,0.009111188352108,0.00916325580328703,56
5,random,Multi-task,0.00910297594964504,0.00916890241205692,57
5,random,Multi-task,0.00911919493228197,0.00916660763323307,58
5,random,Multi-task,0.0090956212952733,0.00921332091093063,59
5,random,Multi-task,0.00908880308270454,0.00923921912908554,60
5,random,Multi-task,0.00912483688443899,0.00915414839982986,61
5,random,Multi-task,0.0090927854180336,0.00915595330297947,62
5,random,Multi-task,0.00906707812100649,0.00913756433874369,63
5,random,Multi-task,0.00906236749142408,0.0091442009434104,64
5,random,Multi-task,0.0090641975402832,0.00912309158593416,65
5,random,Multi-task,0.00903922878205776,0.00912011228501797,66
5,random,Multi-task,0.00905696582049131,0.00911885965615511,67
5,random,Multi-task,0.00904762372374535,0.009188630618155,68
5,random,Multi-task,0.00900424178689718,0.00917810294777155,69
5,random,Multi-task,0.00903895776718855,0.00911723170429468,70
5,random,Multi-task,0.00899785663932562,0.00917651224881411,71
5,random,Multi-task,0.00898709893226624,0.00909833703190088,72
5,random,Multi-task,0.00901988428086042,0.00916099827736616,73
5,random,Multi-task,0.00898793432861567,0.00919312331825495,74
5,random,Multi-task,0.00899536721408367,0.00911077577620745,75
5,random,Multi-task,0.00897722784429789,0.00907990802079439,76
5,random,Multi-task,0.00897655170410872,0.00912362057715654,77
5,random,Multi-task,0.00893583055585623,0.00909217726439238,78
5,random,Multi-task,0.00895186234265566,0.00907614547759295,79
5,random,Multi-task,0.00896119698882103,0.00912141334265471,80
5,random,Multi-task,0.00897834450006485,0.00907395035028458,81
5,random,Multi-task,0.00896973069757223,0.00903284922242165,82
5,random,Multi-task,0.00894870981574059,0.0091240955516696,83
5,random,Multi-task,0.00893026404082775,0.00913839228451252,84
5,random,Multi-task,0.00894704647362232,0.00909957382827997,85
5,random,Multi-task,0.00891988724470139,0.00913127418607473,86
5,random,Multi-task,0.00894756522029638,0.00910244788974524,87
5,random,Multi-task,0.0089329956099391,0.00907514523714781,88
5,random,Multi-task,0.00890514254570007,0.00913132447749376,89
5,random,Multi-task,0.0088919447734952,0.00906786788254976,90
5,random,Multi-task,0.00893526989966631,0.00908959563821554,91
5,random,Multi-task,0.00890200771391392,0.00903840269893408,92
5,random,Multi-task,0.00890449900180101,0.009072445333004,93
5,random,Multi-task,0.00888613145798445,0.00901125464588404,94
5,random,Multi-task,0.0088926125317812,0.00906307995319366,95
5,random,Multi-task,0.00889921560883522,0.00903030950576067,96
5,random,Multi-task,0.00886647123843432,0.00907029025256634,97
5,random,Multi-task,0.00884957145899534,0.00904519017785788,98
5,random,Multi-task,0.00889280159026384,0.00904655363410711,99
5,random,Multi-task,0.00887465849518776,0.00905161909759045,100
